city_town_village,country,latitude,longitude
London,United Kingdom,51.5074,-0.1278
Birmingham,United Kingdom,52.4862,-1.8904
Manchester,United Kingdom,53.4808,-2.2426
Leeds,United Kingdom,53.8008,-1.5491
Glasgow,United Kingdom,55.8642,-4.2518
Liverpool,United Kingdom,53.4084,-2.9916
Bristol,United Kingdom,51.4545,-2.5879
Sheffield,United Kingdom,53.3811,-1.4701
Newcastle upon Tyne,United Kingdom,54.9783,-1.6178
Nottingham,United Kingdom,52.9548,-1.1581
Leicester,United Kingdom,52.6369,-1.1398
Coventry,United Kingdom,52.4068,-1.5197
Bradford,United Kingdom,53.795,-1.7594
Cardiff,United Kingdom,51.4816,-3.1791
Belfast,United Kingdom,54.5973,-5.9301
Edinburgh,United Kingdom,55.9533,-3.1883
Southampton,United Kingdom,50.9097,-1.4044
Portsmouth,United Kingdom,50.8198,-1.088
Reading,United Kingdom,51.4543,-0.9781
Milton Keynes,United Kingdom,52.0406,-0.7594
Oxford,United Kingdom,51.752,-1.2577
Cambridge,United Kingdom,52.2053,0.1218
York,United Kingdom,53.96,-1.0873
Bath,United Kingdom,51.3811,-2.359
Exeter,United Kingdom,50.7184,-3.5339
Plymouth,United Kingdom,50.3755,-4.1427
Norwich,United Kingdom,52.6309,1.2974
Ipswich,United Kingdom,52.0567,1.1482
Peterborough,United Kingdom,52.5695,-0.2405
Luton,United Kingdom,51.8787,-0.42
Watford,United Kingdom,51.6565,-0.3903
Slough,United Kingdom,51.5105,-0.595
High Wycombe,United Kingdom,51.6291,-0.7493
Aylesbury,United Kingdom,51.8156,-0.8084
Amersham,United Kingdom,51.6743,-0.6079
Chalfont St Giles,United Kingdom,51.6328,-0.5706
Maidenhead,United Kingdom,51.5228,-0.7199
Windsor,United Kingdom,51.4839,-0.6044
Guildford,United Kingdom,51.2362,-0.5704
Woking,United Kingdom,51.3168,-0.56
Crawley,United Kingdom,51.1091,-0.1872
Brighton,United Kingdom,50.8225,-0.1372
Eastbourne,United Kingdom,50.768,0.2905
Canterbury,United Kingdom,51.2802,1.0789
Dover,United Kingdom,51.129,1.308
Chelmsford,United Kingdom,51.7356,0.4685
Colchester,United Kingdom,51.8892,0.9042
Southend-on-Sea,United Kingdom,51.5459,0.7077
Basildon,United Kingdom,51.5761,0.4887
Stevenage,United Kingdom,51.9038,-0.1966
St Albans,United Kingdom,51.7527,-0.3394
Hemel Hempstead,United Kingdom,51.752,-0.469
Northampton,United Kingdom,52.2405,-0.9027
Derby,United Kingdom,52.9225,-1.4746
Stoke-on-Trent,United Kingdom,53.0027,-2.1794
Wolverhampton,United Kingdom,52.5862,-2.128
Dudley,United Kingdom,52.5123,-2.081
Walsall,United Kingdom,52.5862,-1.9829
Telford,United Kingdom,52.6766,-2.4493
Shrewsbury,United Kingdom,52.7064,-2.7522
Worcester,United Kingdom,52.192,-2.22
Hereford,United Kingdom,52.0567,-2.7148
Gloucester,United Kingdom,51.8642,-2.2382
Swindon,United Kingdom,51.5558,-1.7797
Taunton,United Kingdom,51.0153,-3.1029
Torquay,United Kingdom,50.4619,-3.5253
Bournemouth,United Kingdom,50.7192,-1.8808
Poole,United Kingdom,50.7151,-1.9872
Salisbury,United Kingdom,51.0688,-1.7945
Winchester,United Kingdom,51.0629,-1.316
Durham,United Kingdom,54.7753,-1.5849
Sunderland,United Kingdom,54.9069,-1.3838
Middlesbrough,United Kingdom,54.5742,-1.235
Hull,United Kingdom,53.7676,-0.3274
Doncaster,United Kingdom,53.5228,-1.1285
Barnsley,United Kingdom,53.5526,-1.4797
Rotherham,United Kingdom,53.4326,-1.3635
Wakefield,United Kingdom,53.6833,-1.4977
Blackpool,United Kingdom,53.8175,-3.0357
Preston,United Kingdom,53.7632,-2.7031
Blackburn,United Kingdom,53.7486,-2.4875
Bolton,United Kingdom,53.5769,-2.4282
Wigan,United Kingdom,53.5443,-2.6318
Stockport,United Kingdom,53.4106,-2.1575
Oldham,United Kingdom,53.5409,-2.1114
Rochdale,United Kingdom,53.6097,-2.1561
Chester,United Kingdom,53.1934,-2.8931
Carlisle,United Kingdom,54.8925,-2.9329
Lancaster,United Kingdom,54.047,-2.8017
Aberdeen,United Kingdom,57.1497,-2.0943
Dundee,United Kingdom,56.462,-2.9707
Inverness,United Kingdom,57.4778,-4.2247
Perth,United Kingdom,56.395,-3.4308
Stirling,United Kingdom,56.1165,-3.9369
Swansea,United Kingdom,51.6214,-3.9436
Newport,United Kingdom,51.5842,-2.9977
